{
  "MAXES": [
    0.5, 
    0.4, 
    0.35, 
    1.1, 
    0.5, 
    0.4
  ], 
  "MINS": [
    0.1, 
    0.1, 
    0.15, 
    0.9, 
    0.1, 
    0.1
  ], 
  "N_bugs": 30, 
  "N_gen": 150, 
  "N_objectives": 1, 
  "N_params": 6, 
  "OBJECTIVES": [
    "rate_score"
  ], 
  "PARAMS": [
    "p_ei", 
    "p_ie", 
    "p_ii", 
    "w_input", 
    "p_inpi", 
    "p_iinp"
  ], 
  "absorption": 0.6, 
  "alpha": 0.075, 
  "annealing_constant": 0.995, 
  "beta": 6, 
  "characteristic_scales": [
    0.4, 
    0.30000000000000004, 
    0.19999999999999998, 
    0.20000000000000007, 
    0.4, 
    0.30000000000000004
  ], 
  "config_prefix": "huge 2-16-2017", 
  "target_dir": "../simulations/2-21-2017/", 
  "verbose": "compare weight distributions"
}