{
  "MAXES": [
    0.4, 
    0.19, 
    0.286, 
    1.05, 
    0.39, 
    0.23
  ], 
  "MINS": [
    0.39, 
    0.17, 
    0.284, 
    0.95, 
    0.35, 
    0.22
  ], 
  "N_bugs": 30, 
  "N_gen": 150, 
  "N_objectives": 1, 
  "N_params": 6, 
  "OBJECTIVES": [
    "rate_score"
  ], 
  "PARAMS": [
    "p_ei", 
    "p_ie", 
    "p_ii", 
    "w_input", 
    "p_inpi", 
    "p_iinp"
  ], 
  "absorption": 0.6, 
  "alpha": 0.075, 
  "annealing_constant": 0.99, 
  "beta": 6, 
  "characteristic_scales": [
    0.010000000000000009, 
    0.01999999999999999, 
    0.0020000000000000018, 
    0.10000000000000009, 
    0.040000000000000036, 
    0.010000000000000009
  ], 
  "config_prefix": "small 2-16-2017", 
  "target_dir": "../simulations/2-16-2017/", 
  "verbose": "compare weight distributions"
}